medal_id,sprite_uri,sprite_left,sprite_top,sprite_sheet_width,sprite_sheet_height,sprite_width,sprite_height,classification,description,name,difficulty
2315448068,,,,,,,,,,,
3565441934,,,,,,,,,,,
4162659350,https://content.halocdn.com/media/Default/games/halo-5-guardians/sprites/medalspritesheet-be288ea5c0994a4e9d36f43aee7bc631.png,750,750,74,74,1125,899,Breakout,Kill the last enemy within the last 10 seconds of a round.,Buzzer Beater,45
1573153198,https://content.halocdn.com/media/Default/games/halo-5-guardians/sprites/medalspritesheet-be288ea5c0994a4e9d36f43aee7bc631.png,0,300,74,74,1125,899,Breakout,Survive a one-on-one encounter.,Vanquisher,30
298813630,https://content.halocdn.com/media/Default/games/halo-5-guardians/sprites/medalspritesheet-be288ea5c0994a4e9d36f43aee7bc631.png,0,825,74,74,1125,899,Style,Kill an enemy with Spartan Charge.,Spartan Charge,135
3824002610,https://content.halocdn.com/media/Default/games/halo-5-guardians/sprites/medalspritesheet-be288ea5c0994a4e9d36f43aee7bc631.png,750,600,74,74,1125,899,Vehicles,Assist a player in destroying an enemy Ghost.,Ghost Assist,140
3324603383,https://content.halocdn.com/media/Default/games/halo-5-guardians/sprites/medalspritesheet-be288ea5c0994a4e9d36f43aee7bc631.png,225,750,74,74,1125,899,Warzone,Kill a Grunt.,Grunt Kill,60
979431049,https://content.halocdn.com/media/Default/games/halo-5-guardians/sprites/medalspritesheet-be288ea5c0994a4e9d36f43aee7bc631.png,975,675,74,74,1125,899,Breakout,Survive a two-on-one encounter.,Bifecta,25
3098362934,https://content.halocdn.com/media/Default/games/halo-5-guardians/sprites/medalspritesheet-be288ea5c0994a4e9d36f43aee7bc631.png,150,750,74,74,1125,899,WeaponProficiency,Kill a player in seven shots with the Carbine without missing.,Perfect Kill,25
2435743433,https://content.halocdn.com/media/Default/games/halo-5-guardians/sprites/medalspritesheet-be288ea5c0994a4e9d36f43aee7bc631.png,750,225,74,74,1125,899,Warzone,Kill an enemy in a controlled Base.,Base Defense,30
2430242797,https://content.halocdn.com/media/Default/games/halo-5-guardians/sprites/medalspritesheet-be288ea5c0994a4e9d36f43aee7bc631.png,675,300,74,74,1125,899,KillingSpree,Kill 5 opponents without dying.,Killing Spree,45
1427531503,https://content.halocdn.com/media/Default/games/halo-5-guardians/sprites/medalspritesheet-be288ea5c0994a4e9d36f43aee7bc631.png,375,0,74,74,1125,899,Style,Assist in a Team Takedown.,Team Takedown,245
2359847435,https://content.halocdn.com/media/Default/games/halo-5-guardians/sprites/medalspritesheet-be288ea5c0994a4e9d36f43aee7bc631.png,525,375,74,74,1125,899,Breakout,Kill every member of the opposing team in a round of Breakout.,Extinction,35
1691836029,https://content.halocdn.com/media/Default/games/halo-5-guardians/sprites/medals_3-16-16-5bc472e359714da28a59aa1bd27e9e2d.png,150,375,74,74,1350,824,Style,Recharge your shields 10 times in a single round.,Hard Target,105
2766284219,https://content.halocdn.com/media/Default/games/halo-5-guardians/sprites/medalspritesheet-be288ea5c0994a4e9d36f43aee7bc631.png,150,525,74,74,1125,899,Style,Kill an opponent with a single headshot from the Magnum after damaging them with your primary weapon.,Quickdraw,200
3354395650,https://content.halocdn.com/media/Default/games/halo-5-guardians/sprites/medalspritesheet-be288ea5c0994a4e9d36f43aee7bc631.png,375,600,74,74,1125,899,Strongholds,Capture 3 Strongholds in one life.,Capture Spree,10
2564994165,,,,,,,,WeaponProficiency,Pick up 3 power weapons from weapon pads in a single game.,Big Gun Runner,75
2896365521,https://content.halocdn.com/media/Default/games/halo-5-guardians/sprites/medalspritesheet-be288ea5c0994a4e9d36f43aee7bc631.png,300,450,74,74,1125,899,Style,Assist in a Team Takedown.,Team Takedown,245
3786961025,https://content.halocdn.com/media/Default/games/halo-5-guardians/sprites/medalspritesheet-be288ea5c0994a4e9d36f43aee7bc631.png,900,450,74,74,1125,899,Style,Kill an opponent with the impact from a thrown grenade.,Fastball,65
243900335,https://content.halocdn.com/media/Default/games/halo-5-guardians/sprites/medals_3-16-16-5bc472e359714da28a59aa1bd27e9e2d.png,750,375,74,74,1350,824,WeaponProficiency,Kill an enemy by using a Shotgun.,Shotgun Kill,110
2108880282,https://content.halocdn.com/media/Default/games/halo-5-guardians/sprites/medalspritesheet-be288ea5c0994a4e9d36f43aee7bc631.png,450,375,74,74,1125,899,WeaponProficiency,Kill an enemy with melee after shooting them with a Sniper Rifle.,Snipunch,70
3270120991,https://content.halocdn.com/media/Default/games/halo-5-guardians/sprites/medalspritesheet-be288ea5c0994a4e9d36f43aee7bc631.png,525,450,74,74,1125,899,Style,Kill an opponent by performing a melee attack from behind.,Beat Down,185
824733727,https://content.halocdn.com/media/Default/games/halo-5-guardians/sprites/medalspritesheet-be288ea5c0994a4e9d36f43aee7bc631.png,975,450,74,74,1125,899,Style,Distract an opponent who is then killed.,Distraction,150
3592822316,https://content.halocdn.com/media/Default/games/halo-5-guardians/sprites/medalspritesheet-be288ea5c0994a4e9d36f43aee7bc631.png,600,600,74,74,1125,899,KillingSpree,Win a Slayer game without dying and with at least 15 kills.,Perfection,5
4179143479,https://content.halocdn.com/media/Default/games/halo-5-guardians/sprites/medalspritesheet-be288ea5c0994a4e9d36f43aee7bc631.png,750,825,74,74,1125,899,WeaponProficiency,Kill an opponent by using an Energy Sword.,Sword Kill,125
3744028405,https://content.halocdn.com/media/Default/games/halo-5-guardians/sprites/medalspritesheet-be288ea5c0994a4e9d36f43aee7bc631.png,750,525,74,74,1125,899,Style,Get a spree of any 5 assist types.,Wingman,35
3261908037,https://content.halocdn.com/media/Default/games/halo-5-guardians/sprites/medalspritesheet-be288ea5c0994a4e9d36f43aee7bc631.png,375,525,74,74,1125,899,WeaponProficiency,Kill an opponent by shooting them in the head.,Headshot,60
3809690136,https://content.halocdn.com/media/Default/games/halo-5-guardians/sprites/medalspritesheet-be288ea5c0994a4e9d36f43aee7bc631.png,825,525,74,74,1125,899,WeaponProficiency,Kill an opponent by using a Scattershot,Scattershot Kill,150
3881314877,https://content.halocdn.com/media/Default/games/halo-5-guardians/sprites/medals_3-16-16-5bc472e359714da28a59aa1bd27e9e2d.png,1125,0,74,74,1350,824,Ball,Score 2 goals in a match.,Ball Runner,15
1801925525,https://content.halocdn.com/media/Default/games/halo-5-guardians/sprites/medalspritesheet-be288ea5c0994a4e9d36f43aee7bc631.png,375,225,74,74,1125,899,Vehicles,Board an aircraft by forcibly removing the opponent in it.,Skyjack,230
2009141709,https://content.halocdn.com/media/Default/games/halo-5-guardians/sprites/medalspritesheet-be288ea5c0994a4e9d36f43aee7bc631.png,525,150,74,74,1125,899,MultiKill,Generic Kill.,Kill,50
194124164,https://content.halocdn.com/media/Default/games/halo-5-guardians/sprites/medalspritesheet-be288ea5c0994a4e9d36f43aee7bc631.png,525,0,74,74,1125,899,Style,Kill an opponent while being assisted by at least 3 friendly players.,Team Takedown,240
2497544753,,,,,,,,Vehicles,Destroy an enemy Ghost.,Ghost Destroyed,85
2032512673,https://content.halocdn.com/media/Default/games/halo-5-guardians/sprites/medalspritesheet-be288ea5c0994a4e9d36f43aee7bc631.png,675,75,74,74,1125,899,MultiKill,Wipe out an enemy team with at least an Overkill.,Extermination,55
3491849182,https://content.halocdn.com/media/Default/games/halo-5-guardians/sprites/medalspritesheet-be288ea5c0994a4e9d36f43aee7bc631.png,450,675,74,74,1125,899,Style,Get a long range Grenade kill.,Hail Mary,160
3894006667,https://content.halocdn.com/media/Default/games/halo-5-guardians/sprites/medalspritesheet-be288ea5c0994a4e9d36f43aee7bc631.png,525,825,74,74,1125,899,CaptureTheFlag,Capture a flag without being spotted,Stealth Capture,10
2237392606,https://content.halocdn.com/media/Default/games/halo-5-guardians/sprites/medalspritesheet-be288ea5c0994a4e9d36f43aee7bc631.png,675,150,74,74,1125,899,Vehicles,Assist a player in destroying an enemy Wraith.,Wraith Assist,120
1494478183,https://content.halocdn.com/media/Default/games/halo-5-guardians/sprites/medalspritesheet-be288ea5c0994a4e9d36f43aee7bc631.png,300,150,74,74,1125,899,CaptureTheFlag,Assist in capturing a flag by carrying the flag some of the way.,Flag Capture Assist,60
2028249938,https://content.halocdn.com/media/Default/games/halo-5-guardians/sprites/medalspritesheet-be288ea5c0994a4e9d36f43aee7bc631.png,675,0,74,74,1125,899,CaptureTheFlag,Kill the enemy flag carrier.,Carrier Kill,40
2287626681,https://content.halocdn.com/media/Default/games/halo-5-guardians/sprites/medalspritesheet-be288ea5c0994a4e9d36f43aee7bc631.png,600,300,74,74,1125,899,Style,Kill an opponent by performing a melee attack.,Melee Kill,220
2714887772,https://content.halocdn.com/media/Default/games/halo-5-guardians/sprites/medalspritesheet-be288ea5c0994a4e9d36f43aee7bc631.png,150,450,74,74,1125,899,KillingSpree,Kill 40 opponents without dying.,Unfriggenbelievable,10
848240062,https://content.halocdn.com/media/Default/games/halo-5-guardians/sprites/medalspritesheet-be288ea5c0994a4e9d36f43aee7bc631.png,1050,450,74,74,1125,899,WeaponProficiency,Get a headshot kill with a Sniper Rifle.,Sniper Headshot,50
2707871298,https://content.halocdn.com/media/Default/games/halo-5-guardians/sprites/medalspritesheet-be288ea5c0994a4e9d36f43aee7bc631.png,0,525,74,74,1125,899,KillingSpree,Kill 15 opponents without dying.,Running Riot,35
3925170236,https://content.halocdn.com/media/Default/games/halo-5-guardians/sprites/medalspritesheet-be288ea5c0994a4e9d36f43aee7bc631.png,750,675,74,74,1125,899,Style,Kill 3 enemies that have power weapons before dying.,Big Game Hunter,50
786413504,https://content.halocdn.com/media/Default/games/halo-5-guardians/sprites/medalspritesheet-be288ea5c0994a4e9d36f43aee7bc631.png,1050,375,74,74,1125,899,Vehicles,Assist a player in destroying an enemy Banshee.,Banshee Assist,130
2077162827,https://content.halocdn.com/media/Default/games/halo-5-guardians/sprites/medalspritesheet-be288ea5c0994a4e9d36f43aee7bc631.png,525,225,74,74,1125,899,Style,Kill an enemy with melee after two Battle Rifle bursts.,Gun Punch,170
2768212131,https://content.halocdn.com/media/Default/games/halo-5-guardians/sprites/medalspritesheet-be288ea5c0994a4e9d36f43aee7bc631.png,75,600,74,74,1125,899,WeaponProficiency,Kill an opponent by using a SAW,SAW Kill,145
2322887852,https://content.halocdn.com/media/Default/games/halo-5-guardians/sprites/medalspritesheet-be288ea5c0994a4e9d36f43aee7bc631.png,825,75,74,74,1125,899,CaptureTheFlag,Assist in capturing a flag by escorting a friendly flag carrier with a vehicle.,Flag Driver,3
1524161777,https://content.halocdn.com/media/Default/games/halo-5-guardians/sprites/medalspritesheet-be288ea5c0994a4e9d36f43aee7bc631.png,0,225,74,74,1125,899,Warzone,Participate in a Legendary Boss Takedown.,Legendary Takedown,10
1351381581,https://content.halocdn.com/media/Default/games/halo-5-guardians/sprites/medalspritesheet-be288ea5c0994a4e9d36f43aee7bc631.png,225,150,74,74,1125,899,Strongholds,Kill an enemy that is actively capturing a Stronghold.,Stronghold Defense,20
3001183151,https://content.halocdn.com/media/Default/games/halo-5-guardians/sprites/medalspritesheet-be288ea5c0994a4e9d36f43aee7bc631.png,300,600,74,74,1125,899,Style,Earn the first kill of the match.,First Strike,180
2006781774,https://content.halocdn.com/media/Default/games/halo-5-guardians/sprites/medals_3-16-16-5bc472e359714da28a59aa1bd27e9e2d.png,450,225,74,74,1350,824,Style,Kill an opponent by performing a midair assassination.,Airsassination,70
92444561,https://content.halocdn.com/media/Default/games/halo-5-guardians/sprites/medals_3-16-16-5bc472e359714da28a59aa1bd27e9e2d.png,1200,525,74,74,1350,824,Vehicles,Destroy an enemy Warthog.,Warthog Destroyed,80
615190505,https://content.halocdn.com/media/Default/games/halo-5-guardians/sprites/medalspritesheet-be288ea5c0994a4e9d36f43aee7bc631.png,1050,75,74,74,1125,899,Vehicles,Destroy an enemy Mantis.,Mantis Destroyed,70
764679877,https://content.halocdn.com/media/Default/games/halo-5-guardians/sprites/medals_3-16-16-5bc472e359714da28a59aa1bd27e9e2d.png,1200,450,74,74,1350,824,Ball,Score the Ball.,Goal,20
3318955876,https://content.halocdn.com/media/Default/games/halo-5-guardians/sprites/medals_3-16-16-5bc472e359714da28a59aa1bd27e9e2d.png,525,600,74,74,1350,824,Style,Save a teammate from dying the last death.,Game Saver,80
4048801324,https://content.halocdn.com/media/Default/games/halo-5-guardians/sprites/medalspritesheet-be288ea5c0994a4e9d36f43aee7bc631.png,825,600,74,74,1125,899,Vehicles,Assist a player in destroying an enemy Warthog.,Warthog Assist,135
2421706731,https://content.halocdn.com/media/Default/games/halo-5-guardians/sprites/medalspritesheet-be288ea5c0994a4e9d36f43aee7bc631.png,600,375,74,74,1125,899,Breakout,Survive a four-on-one encounter.,Superfecta,10
281002471,https://content.halocdn.com/media/Default/games/halo-5-guardians/sprites/medalspritesheet-be288ea5c0994a4e9d36f43aee7bc631.png,225,525,74,74,1125,899,Vehicles,Kill an opponent attempting to hijack or skyjack a vehicle.,Busted,10
660765097,https://content.halocdn.com/media/Default/games/halo-5-guardians/sprites/medalspritesheet-be288ea5c0994a4e9d36f43aee7bc631.png,1050,150,74,74,1125,899,WeaponProficiency,Kill an opponent by using a Plasma Caster.,Caster Kill,135
1568252876,https://content.halocdn.com/media/Default/games/halo-5-guardians/sprites/medalspritesheet-be288ea5c0994a4e9d36f43aee7bc631.png,75,225,74,74,1125,899,Vehicles,Destroy an enemy Wraith.,Wraith Destroyed,65
68187090,https://content.halocdn.com/media/Default/games/halo-5-guardians/sprites/medalspritesheet-be288ea5c0994a4e9d36f43aee7bc631.png,975,225,74,74,1125,899,Breakout,Survive a three-on-one encounter.,Trifecta,20
3972445431,https://content.halocdn.com/media/Default/games/halo-5-guardians/sprites/medalspritesheet-be288ea5c0994a4e9d36f43aee7bc631.png,600,825,74,74,1125,899,Style,Get a spree of 3 Protector or Guardian Angel medals.,Bodyguard,40
1957561936,https://content.halocdn.com/media/Default/games/halo-5-guardians/sprites/medalspritesheet-be288ea5c0994a4e9d36f43aee7bc631.png,450,75,74,74,1125,899,CaptureTheFlag,Save your flag carrier by killing his attacker.,Carrier Protected,45
1080468863,https://content.halocdn.com/media/Default/games/halo-5-guardians/sprites/medalspritesheet-be288ea5c0994a4e9d36f43aee7bc631.png,75,0,74,74,1125,899,WeaponProficiency,Kill a player in four shots with the Battle Rifle without missing.,Perfect Kill,45
1311847356,https://content.halocdn.com/media/Default/games/halo-5-guardians/sprites/medalspritesheet-be288ea5c0994a4e9d36f43aee7bc631.png,225,75,74,74,1125,899,Warzone,Kill an Knight.,Knight Kill,40
1584076385,https://content.halocdn.com/media/Default/games/halo-5-guardians/sprites/medalspritesheet-be288ea5c0994a4e9d36f43aee7bc631.png,150,225,74,74,1125,899,Warzone,Kill an enemy Marine.,Marine Kill,65
2074445293,https://content.halocdn.com/media/Default/games/halo-5-guardians/sprites/medals_3-16-16-5bc472e359714da28a59aa1bd27e9e2d.png,750,0,74,74,1350,824,WeaponProficiency,Kill an opponent by using a Railgun.,Railgun Kill,95
1986137636,https://content.halocdn.com/media/Default/games/halo-5-guardians/sprites/medalspritesheet-be288ea5c0994a4e9d36f43aee7bc631.png,525,75,74,74,1125,899,WeaponProficiency,Kill an opponent by using a Sniper Rifle while not zoomed in.,Snapshot,15
121048710,https://content.halocdn.com/media/Default/games/halo-5-guardians/sprites/medalspritesheet-be288ea5c0994a4e9d36f43aee7bc631.png,75,75,74,74,1125,899,KillingSpree,Kill 20 opponents without dying.,Rampage,30
3712378932,https://content.halocdn.com/media/Default/games/halo-5-guardians/sprites/medals_3-16-16-5bc472e359714da28a59aa1bd27e9e2d.png,900,750,74,74,1350,824,Warzone,Assist a player in killing an enemy Marine.,Marine Assist,105
2494364276,https://content.halocdn.com/media/Default/games/halo-5-guardians/sprites/medalspritesheet-be288ea5c0994a4e9d36f43aee7bc631.png,825,225,74,74,1125,899,Style,Kill an enemy player with the last bullet in your magazine.,Last Shot,175
3992195104,https://content.halocdn.com/media/Default/games/halo-5-guardians/sprites/medals_3-16-16-5bc472e359714da28a59aa1bd27e9e2d.png,1275,0,74,74,1350,824,WeaponProficiency,Kill a player in three shots with the Halo One Pistol without missing,Perfect Kill,22
35545941,https://content.halocdn.com/media/Default/games/halo-5-guardians/sprites/medalspritesheet-be288ea5c0994a4e9d36f43aee7bc631.png,600,525,74,74,1125,899,Vehicles,Destroy an enemy Scorpion.,Scorpion Destroyed,60
4100216166,https://content.halocdn.com/media/Default/games/halo-5-guardians/sprites/medalspritesheet-be288ea5c0994a4e9d36f43aee7bc631.png,900,525,74,74,1125,899,WeaponProficiency,Kill an opponent by using a Binary Rifle.,Binary Kill,130
1199460731,https://content.halocdn.com/media/Default/games/halo-5-guardians/sprites/medalspritesheet-be288ea5c0994a4e9d36f43aee7bc631.png,0,75,74,74,1125,899,WeaponProficiency,Kill an opponent by using a Needler.,Supercombine,115
343942800,https://content.halocdn.com/media/Default/games/halo-5-guardians/sprites/medalspritesheet-be288ea5c0994a4e9d36f43aee7bc631.png,300,750,74,74,1125,899,MultiKill,Kill 7 opponents within 5 seconds of one another.,Killamanjaro,20
370413844,https://content.halocdn.com/media/Default/games/halo-5-guardians/sprites/medalspritesheet-be288ea5c0994a4e9d36f43aee7bc631.png,600,675,74,74,1125,899,WeaponProficiency,Kill a player in five shots with the DMR without missing.,Perfect Kill,35
2859802775,https://content.halocdn.com/media/Default/games/halo-5-guardians/sprites/medalspritesheet-be288ea5c0994a4e9d36f43aee7bc631.png,0,750,74,74,1125,899,Vehicles,Load up a Warthog or Mongoose with teammates and splatter an enemy player.,Road Trip,25
3400287617,https://content.halocdn.com/media/Default/games/halo-5-guardians/sprites/medalspritesheet-be288ea5c0994a4e9d36f43aee7bc631.png,450,600,74,74,1125,899,Style,Kill an opponent while your health is low and survive.,Close Call,155
1807727172,https://content.halocdn.com/media/Default/games/halo-5-guardians/sprites/medalspritesheet-be288ea5c0994a4e9d36f43aee7bc631.png,375,300,74,74,1125,899,MultiKill,Kill 6 opponents within 5 seconds of one another.,Killtrocity,25
3505254118,https://content.halocdn.com/media/Default/games/halo-5-guardians/sprites/medals_3-16-16-5bc472e359714da28a59aa1bd27e9e2d.png,825,450,74,74,1350,824,Warzone,Kill an enemy near your Core.,Core Defense,70
685960231,https://content.halocdn.com/media/Default/games/halo-5-guardians/sprites/medals_3-16-16-5bc472e359714da28a59aa1bd27e9e2d.png,1125,450,74,74,1350,824,Style,Melee an enemy then kill them with a single Battle Rifle burst.,BXR,90
3406254250,https://content.halocdn.com/media/Default/games/halo-5-guardians/sprites/medals_3-16-16-5bc472e359714da28a59aa1bd27e9e2d.png,675,525,74,74,1350,824,Warzone,Assist a player in killing a Soldier.,Soldier Assist,95
762229696,https://content.halocdn.com/media/Default/games/halo-5-guardians/sprites/medals_3-16-16-5bc472e359714da28a59aa1bd27e9e2d.png,1275,300,74,74,1350,824,Vehicles,Destroy an enemy Banshee.,Banshee Destroyed,75
2251767925,https://content.halocdn.com/media/Default/games/halo-5-guardians/sprites/medalspritesheet-be288ea5c0994a4e9d36f43aee7bc631.png,600,225,74,74,1125,899,Style,Kill an enemy by sticking them with a Plasma Grenade.,Stuck,130
2016270491,https://content.halocdn.com/media/Default/games/halo-5-guardians/sprites/medalspritesheet-be288ea5c0994a4e9d36f43aee7bc631.png,450,225,74,74,1125,899,Style,Stop an assassination by killing the assassinating opponent.,Showstopper,30
4164420745,https://content.halocdn.com/media/Default/games/halo-5-guardians/sprites/medalspritesheet-be288ea5c0994a4e9d36f43aee7bc631.png,825,750,74,74,1125,899,Warzone,Participate in a Boss Takedown.,Boss Takedown,15
3565443938,https://content.halocdn.com/media/Default/games/halo-5-guardians/sprites/medalspritesheet-be288ea5c0994a4e9d36f43aee7bc631.png,750,450,74,74,1125,899,Strongholds,Capture a Stronghold.,Stronghold Captured,15
3710519250,https://content.halocdn.com/media/Default/games/halo-5-guardians/sprites/medalspritesheet-be288ea5c0994a4e9d36f43aee7bc631.png,525,750,74,74,1125,899,MultiKill,Kill 4 opponents within 5 seconds of one another.,Overkill,35
3698887726,,,,,,,,Style,Kill an opponent that is clambering.,Cliffhanger,85
151853593,https://content.halocdn.com/media/Default/games/halo-5-guardians/sprites/medalspritesheet-be288ea5c0994a4e9d36f43aee7bc631.png,375,150,74,74,1125,899,Breakout,Assassinate the last remaining player in a round of Breakout.,Blind Side,40
1669270602,https://content.halocdn.com/media/Default/games/halo-5-guardians/sprites/medalspritesheet-be288ea5c0994a4e9d36f43aee7bc631.png,300,225,74,74,1125,899,CaptureTheFlag,Kill the enemy flag carrier while holding the flag.,Flag Joust,30
1730555799,https://content.halocdn.com/media/Default/games/halo-5-guardians/sprites/medals_3-16-16-5bc472e359714da28a59aa1bd27e9e2d.png,225,375,74,74,1350,824,Ball,Be the first player to pick up the ball after it spawns.,First Touch,55
690651736,https://content.halocdn.com/media/Default/games/halo-5-guardians/sprites/medals_3-16-16-5bc472e359714da28a59aa1bd27e9e2d.png,1200,375,74,74,1350,824,WeaponProficiency,Kill an enemy by using a Hydra Launcher.,Hydra Kill,105
3601671677,https://content.halocdn.com/media/Default/games/halo-5-guardians/sprites/medalspritesheet-be288ea5c0994a4e9d36f43aee7bc631.png,525,675,74,74,1125,899,Style,Damage an enemy before they fall to their death.,Sayonara,225
2787661404,https://content.halocdn.com/media/Default/games/halo-5-guardians/sprites/medals_3-16-16-5bc472e359714da28a59aa1bd27e9e2d.png,300,525,74,74,1350,824,Warzone,Capture a Base.,Base Capture,75
1212900805,https://content.halocdn.com/media/Default/games/halo-5-guardians/sprites/medalspritesheet-be288ea5c0994a4e9d36f43aee7bc631.png,0,150,74,74,1125,899,Breakout,Survive all Breakout rounds in a game.,Immortal,5
4116576170,https://content.halocdn.com/media/Default/games/halo-5-guardians/sprites/medalspritesheet-be288ea5c0994a4e9d36f43aee7bc631.png,825,675,74,74,1125,899,CaptureTheFlag,Assassinate an enemy while holding the flag.,Flagsassination,15
4252521258,https://content.halocdn.com/media/Default/games/halo-5-guardians/sprites/medalspritesheet-be288ea5c0994a4e9d36f43aee7bc631.png,900,750,74,74,1125,899,Style,Kill an opponent who is lunging with an Energy Sword.,Bulltrue,45
3440416044,https://content.halocdn.com/media/Default/games/halo-5-guardians/sprites/medalspritesheet-be288ea5c0994a4e9d36f43aee7bc631.png,225,825,74,74,1125,899,Vehicles,Assist a player in destroying an enemy Mantis.,Mantis Assist,125
1234371130,https://content.halocdn.com/media/Default/games/halo-5-guardians/sprites/medals_3-16-16-5bc472e359714da28a59aa1bd27e9e2d.png,150,150,74,74,1350,824,Ball,Kill an opponent near your goal.,Goal Defense,35
2150057864,https://content.halocdn.com/media/Default/games/halo-5-guardians/sprites/medals_3-16-16-5bc472e359714da28a59aa1bd27e9e2d.png,750,150,74,74,1350,824,Style,Kill an opponent with a Ground Pound that has been damaged by another Ground Pound.,Pounder,61
1792284502,https://content.halocdn.com/media/Default/games/halo-5-guardians/sprites/medalspritesheet-be288ea5c0994a4e9d36f43aee7bc631.png,300,300,74,74,1125,899,Style,"Earn double digit kills, assists, and headshots in an Arena match.",Triple Double,15
2078758684,https://content.halocdn.com/media/Default/games/halo-5-guardians/sprites/medalspritesheet-be288ea5c0994a4e9d36f43aee7bc631.png,450,300,74,74,1125,899,MultiKill,Kill 2 opponents within 5 seconds of one another.,Double Kill,45
1219497744,https://content.halocdn.com/media/Default/games/halo-5-guardians/sprites/medalspritesheet-be288ea5c0994a4e9d36f43aee7bc631.png,150,75,74,74,1125,899,Vehicles,Board a land vehicle by forcibly removing the opponent in it.,Hijack,35
2380717523,https://content.halocdn.com/media/Default/games/halo-5-guardians/sprites/medalspritesheet-be288ea5c0994a4e9d36f43aee7bc631.png,825,150,74,74,1125,899,Style,Assist in a Team Takedown.,Team Takedown,245
2010966644,https://content.halocdn.com/media/Default/games/halo-5-guardians/sprites/medals_3-16-16-5bc472e359714da28a59aa1bd27e9e2d.png,675,75,74,74,1350,824,Ball,Kill an opponent while carrying the ball.,Ball Kill,25
2531822079,https://content.halocdn.com/media/Default/games/halo-5-guardians/sprites/medals_3-16-16-5bc472e359714da28a59aa1bd27e9e2d.png,0,525,74,74,1350,824,Style,Kill two or more enemies with one grenade.,Cluster Luck,75
1848890814,https://content.halocdn.com/media/Default/games/halo-5-guardians/sprites/medals_3-16-16-5bc472e359714da28a59aa1bd27e9e2d.png,525,0,74,74,1350,824,Warzone,Assist a player in killing an Elite.,Elite Assist,90
2732907792,https://content.halocdn.com/media/Default/games/halo-5-guardians/sprites/medalspritesheet-be288ea5c0994a4e9d36f43aee7bc631.png,75,525,74,74,1125,899,Vehicles,Assist a player in destroying an enemy Mongoose.,Mongoose Assist,145
4122622964,https://content.halocdn.com/media/Default/games/halo-5-guardians/sprites/medals_3-16-16-5bc472e359714da28a59aa1bd27e9e2d.png,1200,150,74,74,1350,824,WeaponProficiency,Kill an opponent by using a Beam Rifle.,Beam Kill,100
4204396686,https://content.halocdn.com/media/Default/games/halo-5-guardians/sprites/medalspritesheet-be288ea5c0994a4e9d36f43aee7bc631.png,900,675,74,74,1125,899,Vehicles,Kill the driver of a moving enemy vehicle by using a Sniper Rifle.,Buckle Up,5
3676723563,https://content.halocdn.com/media/Default/games/halo-5-guardians/sprites/medalspritesheet-be288ea5c0994a4e9d36f43aee7bc631.png,375,825,74,74,1125,899,Vehicles,Kill an opponent by hitting them with a vehicle.,Splatter,40
519459233,https://content.halocdn.com/media/Default/games/halo-5-guardians/sprites/medalspritesheet-be288ea5c0994a4e9d36f43aee7bc631.png,1050,0,74,74,1125,899,Warzone,Kill a Watcher.,Watcher Kill,50
651116095,https://content.halocdn.com/media/Default/games/halo-5-guardians/sprites/medalspritesheet-be288ea5c0994a4e9d36f43aee7bc631.png,975,150,74,74,1125,899,WeaponProficiency,Kill an opponent at long range by using a Rocket Launcher.,Rocket Mary,65
2105198095,https://content.halocdn.com/media/Default/games/halo-5-guardians/sprites/medalspritesheet-be288ea5c0994a4e9d36f43aee7bc631.png,525,300,74,74,1125,899,Strongholds,Control all Strongholds on the map.,Total Control,5
2271298273,https://content.halocdn.com/media/Default/games/halo-5-guardians/sprites/medalspritesheet-be288ea5c0994a4e9d36f43aee7bc631.png,750,150,74,74,1125,899,Style,Kill an enemy to tie or gain the lead in the final seconds.,Clutch Kill,25
1795642208,https://content.halocdn.com/media/Default/games/halo-5-guardians/sprites/medalspritesheet-be288ea5c0994a4e9d36f43aee7bc631.png,225,375,74,74,1125,899,Vehicles,Destroy an enemy Phaeton.,Phaeton Destroyed,55
1492451766,https://content.halocdn.com/media/Default/games/halo-5-guardians/sprites/medalspritesheet-be288ea5c0994a4e9d36f43aee7bc631.png,375,75,74,74,1125,899,MultiKill,Kill 10 opponents within 5 seconds of one another.,Killionaire,5
2916014239,https://content.halocdn.com/media/Default/games/halo-5-guardians/sprites/medalspritesheet-be288ea5c0994a4e9d36f43aee7bc631.png,375,450,74,74,1125,899,Style,Assist in a Team Takedown.,Team Takedown,245
3485523253,https://content.halocdn.com/media/Default/games/halo-5-guardians/sprites/medals_3-16-16-5bc472e359714da28a59aa1bd27e9e2d.png,675,600,74,74,1350,824,Ball,Score 3 goals in a match.,Ball Champion,10
1655262350,https://content.halocdn.com/media/Default/games/halo-5-guardians/sprites/medalspritesheet-be288ea5c0994a4e9d36f43aee7bc631.png,225,225,74,74,1125,899,Style,Assist in a Pounder.,Pounder Assist,60
876932011,https://content.halocdn.com/media/Default/games/halo-5-guardians/sprites/medals_3-16-16-5bc472e359714da28a59aa1bd27e9e2d.png,1125,600,74,74,1350,824,WeaponProficiency,Kill 10 opponents using power weapons.,Power Player,80
2279899989,https://content.halocdn.com/media/Default/games/halo-5-guardians/sprites/medalspritesheet-be288ea5c0994a4e9d36f43aee7bc631.png,675,225,74,74,1125,899,WeaponProficiency,Kill a player in three shots with the LightRifle without missing.,Perfect Kill,30
775545297,https://content.halocdn.com/media/Default/games/halo-5-guardians/sprites/medals_3-16-16-5bc472e359714da28a59aa1bd27e9e2d.png,1275,375,74,74,1350,824,WeaponProficiency,Kill an opponent by using a Sniper Rifle.,Sniper Kill,90
2838259753,https://content.halocdn.com/media/Default/games/halo-5-guardians/sprites/medalspritesheet-be288ea5c0994a4e9d36f43aee7bc631.png,150,600,74,74,1125,899,Style,Save a teammate by killing his attacker.,Protector,145
3344421840,https://content.halocdn.com/media/Default/games/halo-5-guardians/sprites/medalspritesheet-be288ea5c0994a4e9d36f43aee7bc631.png,450,525,74,74,1125,899,WeaponProficiency,Kill an opponent by using a Grenade.,Grenade Kill,155
3148489433,https://content.halocdn.com/media/Default/games/halo-5-guardians/sprites/medalspritesheet-be288ea5c0994a4e9d36f43aee7bc631.png,75,825,74,74,1125,899,Style,Kill an opponent who is using a Ground Pound.,Starkiller,235
1127532123,https://content.halocdn.com/media/Default/games/halo-5-guardians/sprites/medalspritesheet-be288ea5c0994a4e9d36f43aee7bc631.png,150,0,74,74,1125,899,KillingSpree,Kill 25 opponents without dying.,Untouchable,25
3522125871,https://content.halocdn.com/media/Default/games/halo-5-guardians/sprites/medalspritesheet-be288ea5c0994a4e9d36f43aee7bc631.png,300,825,74,74,1125,899,KillingSpree,Kill 10 opponents without dying.,Killing Frenzy,40
352859864,,,,,,,,Style,Assist in a Team Takedown.,Team Takedown,245
1259067733,https://content.halocdn.com/media/Default/games/halo-5-guardians/sprites/medals_3-16-16-5bc472e359714da28a59aa1bd27e9e2d.png,225,75,74,74,1350,824,Style,Assassinate the opponent responsible for your last death.,Retribution,110
3703205413,https://content.halocdn.com/media/Default/games/halo-5-guardians/sprites/medals_3-16-16-5bc472e359714da28a59aa1bd27e9e2d.png,900,600,74,74,1350,824,Warzone,Participate in a Mythic Boss Takedown,Mythic Takedown,5
1618319591,https://content.halocdn.com/media/Default/games/halo-5-guardians/sprites/medalspritesheet-be288ea5c0994a4e9d36f43aee7bc631.png,75,300,74,74,1125,899,Style,Kill an opponent with a headshot immediately after damaging them with a grenade.,Nadeshot,125
2977773352,https://content.halocdn.com/media/Default/games/halo-5-guardians/sprites/medalspritesheet-be288ea5c0994a4e9d36f43aee7bc631.png,75,750,74,74,1125,899,WeaponProficiency,Get 3 sniper headshot kills in a row.,Hat Trick,20
2715985301,https://content.halocdn.com/media/Default/games/halo-5-guardians/sprites/medals_3-16-16-5bc472e359714da28a59aa1bd27e9e2d.png,225,525,74,74,1350,824,Ball,Save your ball carrier by killing their attacker.,Ball Carrier Protected,50
2299864088,https://content.halocdn.com/media/Default/games/halo-5-guardians/sprites/medalspritesheet-be288ea5c0994a4e9d36f43aee7bc631.png,900,0,74,74,1125,899,CaptureTheFlag,Kill an opponent while holding the flag,Flag Kill,35
2366628262,https://content.halocdn.com/media/Default/games/halo-5-guardians/sprites/medalspritesheet-be288ea5c0994a4e9d36f43aee7bc631.png,900,75,74,74,1125,899,Style,EMP an opponent who is then killed.,EMP Assist,210
1838382875,https://content.halocdn.com/media/Default/games/halo-5-guardians/sprites/medalspritesheet-be288ea5c0994a4e9d36f43aee7bc631.png,300,375,74,74,1125,899,CaptureTheFlag,Capture 3 flags in a game,Flag Champion,20
515648662,https://content.halocdn.com/media/Default/games/halo-5-guardians/sprites/medals_3-16-16-5bc472e359714da28a59aa1bd27e9e2d.png,1200,300,74,74,1350,824,Vehicles,Destroy an enemy Mongoose.,Mongoose Destroyed,90
3886151616,https://content.halocdn.com/media/Default/games/halo-5-guardians/sprites/medalspritesheet-be288ea5c0994a4e9d36f43aee7bc631.png,600,750,74,74,1125,899,CaptureTheFlag,Capture a flag.,Flag Capture,50
1723893404,https://content.halocdn.com/media/Default/games/halo-5-guardians/sprites/medals_3-16-16-5bc472e359714da28a59aa1bd27e9e2d.png,300,300,74,74,1350,824,Warzone,Assist a player in killing a Knight.,Knight Assist,100
3718365815,https://content.halocdn.com/media/Default/games/halo-5-guardians/sprites/medals_3-16-16-5bc472e359714da28a59aa1bd27e9e2d.png,975,0,74,74,1350,824,Vehicles,Assist a player in destroying an enemy Phaeton.,Phaeton Assist,110
2155964350,https://content.halocdn.com/media/Default/games/halo-5-guardians/sprites/medalspritesheet-be288ea5c0994a4e9d36f43aee7bc631.png,750,75,74,74,1125,899,Breakout,Get a kill within the first 10 seconds of a round.,Fast Break,55
2570365458,https://content.halocdn.com/media/Default/games/halo-5-guardians/sprites/medals_3-16-16-5bc472e359714da28a59aa1bd27e9e2d.png,0,600,74,74,1350,824,WeaponProficiency,Kill an opponent by using a Spartan Laser.,Splaser Kill,85
121303890,https://content.halocdn.com/media/Default/games/halo-5-guardians/sprites/medalspritesheet-be288ea5c0994a4e9d36f43aee7bc631.png,75,150,74,74,1125,899,WeaponProficiency,Kill an opponent by using a Rocket Launcher.,Rocket Kill,120
411368450,https://content.halocdn.com/media/Default/games/halo-5-guardians/sprites/medalspritesheet-be288ea5c0994a4e9d36f43aee7bc631.png,900,600,74,74,1125,899,Style,Blast a power weapon off of a weapon pad with a Plasma Grenade and have an ally pick it up.,Alley-Oop,5
3033979855,https://content.halocdn.com/media/Default/games/halo-5-guardians/sprites/medalspritesheet-be288ea5c0994a4e9d36f43aee7bc631.png,225,675,74,74,1125,899,MultiKill,Kill 9 opponents within 5 seconds of one another.,Killpocalypse,10
1423504140,https://content.halocdn.com/media/Default/games/halo-5-guardians/sprites/medalspritesheet-be288ea5c0994a4e9d36f43aee7bc631.png,300,75,74,74,1125,899,WeaponProficiency,Kill an enemy at long range by using a precision weapon.,Longshot,55
2502890877,https://content.halocdn.com/media/Default/games/halo-5-guardians/sprites/medalspritesheet-be288ea5c0994a4e9d36f43aee7bc631.png,825,300,74,74,1125,899,WeaponProficiency,Kill an opponent by using an Incineration Cannon.,Incineration Kill,140
1637841390,https://content.halocdn.com/media/Default/games/halo-5-guardians/sprites/medalspritesheet-be288ea5c0994a4e9d36f43aee7bc631.png,0,375,74,74,1125,899,Strongholds,Assist in capturing an enemy Stronghold.,Capture Assist,40
1862589993,https://content.halocdn.com/media/Default/games/halo-5-guardians/sprites/medalspritesheet-be288ea5c0994a4e9d36f43aee7bc631.png,450,0,74,74,1125,899,Warzone,Kill a Jackal.,Jackal Kill,55
125834251,https://content.halocdn.com/media/Default/games/halo-5-guardians/sprites/medalspritesheet-be288ea5c0994a4e9d36f43aee7bc631.png,150,150,74,74,1125,899,Vehicles,Drive a vehicle and have a passenger kill an opponent.,Wheelman,150
2541276496,https://content.halocdn.com/media/Default/games/halo-5-guardians/sprites/medalspritesheet-be288ea5c0994a4e9d36f43aee7bc631.png,900,300,74,74,1125,899,Breakout,"Get a kill with a gun, a grenade, and a melee in a single round.",Triple Threat,50
3486286344,https://content.halocdn.com/media/Default/games/halo-5-guardians/sprites/medalspritesheet-be288ea5c0994a4e9d36f43aee7bc631.png,525,600,74,74,1125,899,WeaponProficiency,Kill an opponent by using a Sniper Rifle while airborne and not zoomed in.,Airborne Snapshot!,10
3392925967,https://content.halocdn.com/media/Default/games/halo-5-guardians/sprites/medalspritesheet-be288ea5c0994a4e9d36f43aee7bc631.png,525,525,74,74,1125,899,Vehicles,Assist a player in destroying an enemy Scorpion.,Scorpion Assist,115
1659967913,https://content.halocdn.com/media/Default/games/halo-5-guardians/sprites/medalspritesheet-be288ea5c0994a4e9d36f43aee7bc631.png,150,300,74,74,1125,899,KillingSpree,Kill 35 opponents without dying.,Inconceivable,15
492192256,https://content.halocdn.com/media/Default/games/halo-5-guardians/sprites/medalspritesheet-be288ea5c0994a4e9d36f43aee7bc631.png,900,825,74,74,1125,899,Style,Kill an enemy with Ground Pound.,Ground Pound,140
285057226,https://content.halocdn.com/media/Default/games/halo-5-guardians/sprites/medalspritesheet-be288ea5c0994a4e9d36f43aee7bc631.png,75,675,74,74,1125,899,Style,Kill an opponent after you die.,From the Grave,165
2462002800,https://content.halocdn.com/media/Default/games/halo-5-guardians/sprites/medalspritesheet-be288ea5c0994a4e9d36f43aee7bc631.png,675,375,74,74,1125,899,Style,Catch a power weapon that was blasted off of a weapon pad with a Plasma Grenade.,Combat Evolved,205
1021972251,https://content.halocdn.com/media/Default/games/halo-5-guardians/sprites/medalspritesheet-be288ea5c0994a4e9d36f43aee7bc631.png,0,0,74,74,1125,899,Style,Assist a player in achieving a kill.,Assist,215
3915864153,https://content.halocdn.com/media/Default/games/halo-5-guardians/sprites/medalspritesheet-be288ea5c0994a4e9d36f43aee7bc631.png,675,675,74,74,1125,899,Vehicles,Kill an enemy with a grenade while you are riding in a vehicle.,Pineapple Express,3
2763748638,https://content.halocdn.com/media/Default/games/halo-5-guardians/sprites/medalspritesheet-be288ea5c0994a4e9d36f43aee7bc631.png,0,600,74,74,1125,899,MultiKill,Kill 3 opponents within 5 seconds of one another.,Triple Kill,40
2782465081,https://content.halocdn.com/media/Default/games/halo-5-guardians/sprites/medalspritesheet-be288ea5c0994a4e9d36f43aee7bc631.png,0,675,74,74,1125,899,Style,Kill an enemy who shot you first.,Reversal,115
266550583,https://content.halocdn.com/media/Default/games/halo-5-guardians/sprites/medalspritesheet-be288ea5c0994a4e9d36f43aee7bc631.png,0,450,74,74,1125,899,KillingSpree,Kill 30 opponents without dying.,Invincible,20
317993761,https://content.halocdn.com/media/Default/games/halo-5-guardians/sprites/medalspritesheet-be288ea5c0994a4e9d36f43aee7bc631.png,450,450,74,74,1125,899,MultiKill,Kill 5 opponents within 5 seconds of one another.,Killtacular,30
3344008582,https://content.halocdn.com/media/Default/games/halo-5-guardians/sprites/medalspritesheet-be288ea5c0994a4e9d36f43aee7bc631.png,150,825,74,74,1125,899,Warzone,Kill a Soldier.,Soldier Kill,35
2947060439,https://content.halocdn.com/media/Default/games/halo-5-guardians/sprites/medalspritesheet-be288ea5c0994a4e9d36f43aee7bc631.png,300,525,74,74,1125,899,Warzone,Kill a Crawler.,Crawler Kill,45
2137994204,https://content.halocdn.com/media/Default/games/halo-5-guardians/sprites/medalspritesheet-be288ea5c0994a4e9d36f43aee7bc631.png,825,0,74,74,1125,899,CaptureTheFlag,Capture 2 flags in a game,Flag Runner,25
164204247,https://content.halocdn.com/media/Default/games/halo-5-guardians/sprites/medalspritesheet-be288ea5c0994a4e9d36f43aee7bc631.png,75,375,74,74,1125,899,CaptureTheFlag,Kill an enemy that is near your flag.,Flag Defense,55
250435527,https://content.halocdn.com/media/Default/games/halo-5-guardians/sprites/medalspritesheet-be288ea5c0994a4e9d36f43aee7bc631.png,900,225,74,74,1125,899,Style,Kill an enemy using 2 or more melees.,Brawler,195
466059351,https://content.halocdn.com/media/Default/games/halo-5-guardians/sprites/medalspritesheet-be288ea5c0994a4e9d36f43aee7bc631.png,825,825,74,74,1125,899,Style,Be the first player to 10 kills on your team.,Top Gun,20
2955425834,https://content.halocdn.com/media/Default/games/halo-5-guardians/sprites/medalspritesheet-be288ea5c0994a4e9d36f43aee7bc631.png,225,600,74,74,1125,899,Warzone,Kill an Elite.,Elite Kill,30
394618614,https://content.halocdn.com/media/Default/games/halo-5-guardians/sprites/medalspritesheet-be288ea5c0994a4e9d36f43aee7bc631.png,675,750,74,74,1125,899,CaptureTheFlag,Kill a flag carrier who is about to score.,Stopped Short,5
565087105,https://content.halocdn.com/media/Default/games/halo-5-guardians/sprites/medalspritesheet-be288ea5c0994a4e9d36f43aee7bc631.png,975,75,74,74,1125,899,MultiKill,Kill 8 opponents within 5 seconds of one another.,Killtastrophe,15
1997362612,https://content.halocdn.com/media/Default/games/halo-5-guardians/sprites/medalspritesheet-be288ea5c0994a4e9d36f43aee7bc631.png,450,150,74,74,1125,899,Style,Assist in a Team Takedown.,Team Takedown,245
1326375333,https://content.halocdn.com/media/Default/games/halo-5-guardians/sprites/medalspritesheet-be288ea5c0994a4e9d36f43aee7bc631.png,300,0,74,74,1125,899,Style,Assist in a Team Takedown.,Team Takedown,245
2221955973,https://content.halocdn.com/media/Default/games/halo-5-guardians/sprites/medals_3-16-16-5bc472e359714da28a59aa1bd27e9e2d.png,600,300,74,74,1350,824,Ball,Kill the enemy Ball carrier.,Ball Carrier Kill,30
2683910456,https://content.halocdn.com/media/Default/games/halo-5-guardians/sprites/medalspritesheet-be288ea5c0994a4e9d36f43aee7bc631.png,75,450,74,74,1125,899,Style,Kill an opponent with a headshot from a Battle Rifle after depleting their shields with a fully-charged Plasma Pistol.,Noob Combo,120
2093481574,https://content.halocdn.com/media/Default/games/halo-5-guardians/sprites/medalspritesheet-be288ea5c0994a4e9d36f43aee7bc631.png,750,0,74,74,1125,899,WeaponProficiency,Kill two or more enemies by using only one Sniper Rifle round.,Snipeltaneous!,5
2966496172,https://content.halocdn.com/media/Default/games/halo-5-guardians/sprites/medalspritesheet-be288ea5c0994a4e9d36f43aee7bc631.png,150,675,74,74,1125,899,Style,Kill an opponent by performing an assassination.,Assassination,190
3653057799,https://content.halocdn.com/media/Default/games/halo-5-guardians/sprites/medalspritesheet-be288ea5c0994a4e9d36f43aee7bc631.png,450,750,74,74,1125,899,WeaponProficiency,Kill a player in five shots with the Magnum without missing.,Perfect Kill,40
